Code,State,Age_Group_1976,Both_Sexes_1976
1,AL,0,168571
1,AL,1,120942
1,AL,2,298330
1,AL,3,298330
1,AL,4,75813
1,AL,4,77016
1,AL,4,77119
1,AL,4,76561
1,AL,4,75522
1,AL,4,76900
1,AL,5,73064
1,AL,5,70552
1,AL,5,67191
1,AL,5,63843
1,AL,5,63542
1,AL,6,303534
1,AL,7,227761
1,AL,8,196028
1,AL,9,196028
1,AL,10,196040
1,AL,11,196040
1,AL,12,178913
1,AL,13,64486
1,AL,13,44054
1,AL,13,53835
1,AL,14,138293
1,AL,15,106683
1,AL,16,75073
1,AL,17,43464
1,AL,18,35561
2,AK,0,22985
2,AK,1,14674
2,AK,2,36248
2,AK,3,36248
2,AK,4,8850
2,AK,4,8722
2,AK,4,8295
2,AK,4,8375
2,AK,4,7897
2,AK,4,9119
2,AK,5,10048
2,AK,5,9361
2,AK,5,8982
2,AK,5,8597
2,AK,5,8092
2,AK,6,38509
2,AK,7,37716
2,AK,8,26011
2,AK,9,26011
2,AK,10,18100
2,AK,11,18100
2,AK,12,12683
2,AK,13,3676
2,AK,13,2466
2,AK,13,1979
2,AK,14,3229
2,AK,15,2491
2,AK,16,1753
2,AK,17,1015
2,AK,18,830
4,AZ,0,119758
4,AZ,1,77599
4,AZ,2,182007
4,AZ,3,182007
4,AZ,4,47570
4,AZ,4,48531
4,AZ,4,47464
4,AZ,4,46781
4,AZ,4,45817
4,AZ,4,47585
4,AZ,5,46125
4,AZ,5,44803
4,AZ,5,43333
4,AZ,5,41253
4,AZ,5,41494
4,AZ,6,196687
4,AZ,7,152699
4,AZ,8,121593
4,AZ,9,121593
4,AZ,10,117308
4,AZ,11,117308
4,AZ,12,111048
4,AZ,13,40934
4,AZ,13,28598
4,AZ,13,33543
4,AZ,14,84953
4,AZ,15,65535
4,AZ,16,46117
4,AZ,17,26699
4,AZ,18,21845
5,AR,0,101600
5,AR,1,68357
5,AR,2,167286
5,AR,3,167286
5,AR,4,42874
5,AR,4,43175
5,AR,4,43053
5,AR,4,42337
5,AR,4,40195
5,AR,4,40304
5,AR,5,38057
5,AR,5,36920
5,AR,5,35621
5,AR,5,33431
5,AR,5,34836
5,AR,6,172037
5,AR,7,128825
5,AR,8,109069
5,AR,9,109069
5,AR,10,108484
5,AR,11,108484
5,AR,12,109833
5,AR,13,40852
5,AR,13,30044
5,AR,13,34950
5,AR,14,99115
5,AR,15,76460
5,AR,16,53806
5,AR,17,31151
5,AR,18,25487
6,CA,0,905356
6,CA,1,604344
6,CA,2,1630142
6,CA,3,1630142
6,CA,4,412289
6,CA,4,420091
6,CA,4,408642
6,CA,4,412581
6,CA,4,417544
6,CA,4,441004
6,CA,5,437548
6,CA,5,429041
6,CA,5,424560
6,CA,5,420907
6,CA,5,408911
6,CA,6,1944679
6,CA,7,1625278
6,CA,8,1215733
6,CA,9,1215733
6,CA,10,1200969
6,CA,11,1200969
6,CA,12,1072692
6,CA,13,369123
6,CA,13,246022
6,CA,13,280163
6,CA,14,756508
6,CA,15,583592
6,CA,16,410676
6,CA,17,237760
6,CA,18,194531
8,CO,0,119945
8,CO,1,79256
8,CO,2,200691
8,CO,3,200691
8,CO,4,52549
8,CO,4,53955
8,CO,4,51878
8,CO,4,51754
8,CO,4,54468
8,CO,4,57589
8,CO,5,56832
8,CO,5,54455
8,CO,5,54449
8,CO,5,53401
8,CO,5,53410
8,CO,6,257772
8,CO,7,194583
8,CO,8,146944
8,CO,9,146944
8,CO,10,132155
8,CO,11,132155
8,CO,12,112897
8,CO,13,38017
8,CO,13,25273
8,CO,13,28870
8,CO,14,77481
8,CO,15,59771
8,CO,16,42061
8,CO,17,24351
8,CO,18,19924
9,CT,0,107425
9,CT,1,79892
9,CT,2,239960
9,CT,3,239960
9,CT,4,59512
9,CT,4,60878
9,CT,4,59387
9,CT,4,60527
9,CT,4,57175
9,CT,4,56609
9,CT,5,54952
9,CT,5,53469
9,CT,5,51371
9,CT,5,50452
9,CT,5,49753
9,CT,6,242485
9,CT,7,214417
9,CT,8,164879
9,CT,9,164879
9,CT,10,181836
9,CT,11,181836
9,CT,12,174357
9,CT,13,61100
9,CT,13,39361
9,CT,13,44666
9,CT,14,116269
9,CT,15,89693
9,CT,16,63118
9,CT,17,36542
9,CT,18,29898
10,DE,0,24031
10,DE,1,17217
10,DE,2,46304
10,DE,3,46304
10,DE,4,12177
10,DE,4,12364
10,DE,4,12082
10,DE,4,12303
10,DE,4,13077
10,DE,4,13518
10,DE,5,12722
10,DE,5,11807
10,DE,5,11258
10,DE,5,10443
10,DE,5,10009
10,DE,6,46618
10,DE,7,40063
10,DE,8,32312
10,DE,9,32312
10,DE,10,33266
10,DE,11,33266
10,DE,12,30399
10,DE,13,10062
10,DE,13,6532
10,DE,13,7381
10,DE,14,18319
10,DE,15,14132
10,DE,16,9945
10,DE,17,5758
10,DE,18,4711
11,DC,0,21879
11,DC,1,17330
11,DC,2,42558
11,DC,3,42558
11,DC,4,11240
11,DC,4,11689
11,DC,4,11949
11,DC,4,12160
11,DC,4,15004
11,DC,4,16013
11,DC,5,14943
11,DC,5,14456
11,DC,5,13739
11,DC,5,13690
11,DC,5,13272
11,DC,6,68360
11,DC,7,58414
11,DC,8,39145
11,DC,9,39145
11,DC,10,37107
11,DC,11,37107
11,DC,12,36305
11,DC,13,12857
11,DC,13,8211
11,DC,13,10902
11,DC,14,25292
11,DC,15,19511
11,DC,16,13730
11,DC,17,7949
11,DC,18,6504
12,FL,0,326497
12,FL,1,232321
12,FL,2,580934
12,FL,3,580934
12,FL,4,153936
12,FL,4,157123
12,FL,4,155750
12,FL,4,155321
12,FL,4,149704
12,FL,4,154331
12,FL,5,149346
12,FL,5,145479
12,FL,5,139851
12,FL,5,134310
12,FL,5,133256
12,FL,6,630166
12,FL,7,509589
12,FL,8,438133
12,FL,9,438133
12,FL,10,470333
12,FL,11,470333
12,FL,12,471160
12,FL,13,180646
12,FL,13,127837
12,FL,13,167081
12,FL,14,495208
12,FL,15,382018
12,FL,16,268827
12,FL,17,155637
12,FL,18,127339
13,GA,0,238240
13,GA,1,173157
13,GA,2,420092
13,GA,3,420092
13,GA,4,102698
13,GA,4,103695
13,GA,4,102324
13,GA,4,103296
13,GA,4,103575
13,GA,4,107480
13,GA,5,102593
13,GA,5,98700
13,GA,5,96170
13,GA,5,93099
13,GA,5,90113
13,GA,6,449262
13,GA,7,362656
13,GA,8,281141
13,GA,9,281141
13,GA,10,258988
13,GA,11,258988
13,GA,12,233042
13,GA,13,80272
13,GA,13,53296
13,GA,13,64834
13,GA,14,158855
13,GA,15,122545
13,GA,16,86235
13,GA,17,49926
13,GA,18,40848
15,HI,0,44038
15,HI,1,28996
15,HI,2,69028
15,HI,3,69028
15,HI,4,17370
15,HI,4,17258
15,HI,4,16938
15,HI,4,17874
15,HI,4,17431
15,HI,4,20600
15,HI,5,22576
15,HI,5,20836
15,HI,5,19842
15,HI,5,18722
15,HI,5,17643
15,HI,6,79446
15,HI,7,72136
15,HI,8,50227
15,HI,9,50227
15,HI,10,49222
15,HI,11,49222
15,HI,12,40968
15,HI,13,13601
15,HI,13,10287
15,HI,13,8561
15,HI,14,21741
15,HI,15,16771
15,HI,16,11802
15,HI,17,6833
15,HI,18,5590
16,ID,0,48199
16,ID,1,29672
16,ID,2,69803
16,ID,3,69803
16,ID,4,18016
16,ID,4,18560
16,ID,4,18062
16,ID,4,17768
16,ID,4,17453
16,ID,4,17219
16,ID,5,16173
16,ID,5,15267
16,ID,5,15556
16,ID,5,14977
16,ID,5,14736
16,ID,6,71779
16,ID,7,55216
16,ID,8,44440
16,ID,9,44440
16,ID,10,40825
16,ID,11,40825
16,ID,12,40359
16,ID,13,14555
16,ID,13,10519
16,ID,13,10866
16,ID,14,28664
16,ID,15,22112
16,ID,16,15560
16,ID,17,9009
16,ID,18,7371
17,IL,0,480209
17,IL,1,338441
17,IL,2,870521
17,IL,3,870521
17,IL,4,221667
17,IL,4,229174
17,IL,4,225010
17,IL,4,224970
17,IL,4,219064
17,IL,4,219596
17,IL,5,212258
17,IL,5,206359
17,IL,5,200181
17,IL,5,196292
17,IL,5,199909
17,IL,6,927126
17,IL,7,765070
17,IL,8,603895
17,IL,9,603895
17,IL,10,625347
17,IL,11,625347
17,IL,12,580403
17,IL,13,210348
17,IL,13,136912
17,IL,13,158909
17,IL,14,417001
17,IL,15,321687
17,IL,16,226372
17,IL,17,131058
17,IL,18,107229
18,IN,0,241571
18,IN,1,171574
18,IN,2,430460
18,IN,3,430460
18,IN,4,107151
18,IN,4,110039
18,IN,4,107589
18,IN,4,107510
18,IN,4,108907
18,IN,4,110555
18,IN,5,104969
18,IN,5,101066
18,IN,5,97707
18,IN,5,94436
18,IN,5,93819
18,IN,6,447832
18,IN,7,348285
18,IN,8,281406
18,IN,9,281406
18,IN,10,290134
18,IN,11,290134
18,IN,12,260267
18,IN,13,92736
18,IN,13,61570
18,IN,13,70676
18,IN,14,1241391
18,IN,15,957644
18,IN,16,673898
18,IN,17,390151
18,IN,18,319215
19,IA,0,120258
19,IA,1,81878
19,IA,2,224319
19,IA,3,224319
19,IA,4,59029
19,IA,4,60283
19,IA,4,59122
19,IA,4,57945
19,IA,4,56503
19,IA,4,56493
19,IA,5,53813
19,IA,5,51061
19,IA,5,50221
19,IA,5,49118
19,IA,5,51000
19,IA,6,239833
19,IA,7,170570
19,IA,8,143891
19,IA,9,143891
19,IA,10,150649
19,IA,11,150649
19,IA,12,145471
19,IA,13,53405
19,IA,13,36641
19,IA,13,41413
19,IA,14,129959
19,IA,15,100254
19,IA,16,70549
19,IA,17,40844
19,IA,18,33418
20,KS,0,97703
20,KS,1,64975
20,KS,2,167199
20,KS,3,167199
20,KS,4,43900
20,KS,4,45843
20,KS,4,44668
20,KS,4,44595
20,KS,4,46826
20,KS,4,48858
20,KS,5,47575
20,KS,5,45210
20,KS,5,43722
20,KS,5,41839
20,KS,5,40738
20,KS,6,190672
20,KS,7,138153
20,KS,8,115508
20,KS,9,115508
20,KS,10,121449
20,KS,11,121449
20,KS,12,113739
20,KS,13,41398
20,KS,13,28659
20,KS,13,32697
20,KS,14,101822
20,KS,15,78548
20,KS,16,55275
20,KS,17,32001
20,KS,18,26183
21,KY,0,159859
21,KY,1,111005
21,KY,2,277291
21,KY,3,277291
21,KY,4,69789
21,KY,4,70972
21,KY,4,70652
21,KY,4,71596
21,KY,4,71326
21,KY,4,72634
21,KY,5,69030
21,KY,5,66842
21,KY,5,64115
21,KY,5,62205
21,KY,5,62649
21,KY,6,299103
21,KY,7,220352
21,KY,8,183998
21,KY,9,183998
21,KY,10,183098
21,KY,11,183098
21,KY,12,166649
21,KY,13,59856
21,KY,13,41377
21,KY,13,48955
21,KY,14,133532
21,KY,15,103010
21,KY,16,72489
21,KY,17,41967
21,KY,18,34337
22,LA,0,191706
22,LA,1,133182
22,LA,2,337154
22,LA,3,337154
22,LA,4,84022
22,LA,4,85323
22,LA,4,85261
22,LA,4,84016
22,LA,4,82277
22,LA,4,83821
22,LA,5,80284
22,LA,5,78582
22,LA,5,74785
22,LA,5,71029
22,LA,5,72516
22,LA,6,335813
22,LA,7,245118
22,LA,8,200432
22,LA,9,200432
22,LA,10,197335
22,LA,11,197335
22,LA,12,174338
22,LA,13,60271
22,LA,13,41571
22,LA,13,48939
22,LA,14,128769
22,LA,15,99336
22,LA,16,69903
22,LA,17,40470
22,LA,18,33112
23,ME,0,45342
23,ME,1,32725
23,ME,2,85919
23,ME,3,85919
23,ME,4,21974
23,ME,4,22177
23,ME,4,21670
23,ME,4,21759
23,ME,4,21432
23,ME,4,20932
23,ME,5,19623
23,ME,5,18544
23,ME,5,18136
23,ME,5,17427
23,ME,5,17549
23,ME,6,90732
23,ME,7,66822
23,ME,8,55973
23,ME,9,55973
23,ME,10,115343
23,ME,11,115343
23,ME,12,53914
23,ME,13,19650
23,ME,13,13360
23,ME,13,15567
23,ME,14,45483
23,ME,15,35087
23,ME,16,24691
23,ME,17,14295
23,ME,18,11696
24,MD,0,15497
24,MD,1,118480
24,MD,2,335396
24,MD,3,335396
24,MD,4,84086
24,MD,4,85690
24,MD,4,83474
24,MD,4,84354
24,MD,4,81863
24,MD,4,82624
24,MD,5,80114
24,MD,5,77655
24,MD,5,75364
24,MD,5,73212
24,MD,5,70743
24,MD,6,344226
24,MD,7,310486
24,MD,8,235932
24,MD,9,235932
24,MD,10,236563
24,MD,11,236563
24,MD,12,209071
24,MD,13,69901
24,MD,13,45357
24,MD,13,50876
24,MD,14,124489
24,MD,15,96035
24,MD,16,67580
24,MD,17,39125
24,MD,18,32012
25,MA,0,199539
25,MA,1,149341
25,MA,2,434012
25,MA,3,434012
25,MA,4,110552
25,MA,4,112410
25,MA,4,109254
25,MA,4,110916
25,MA,4,116235
25,MA,4,119039
25,MA,5,113097
25,MA,5,105798
25,MA,5,101797
25,MA,5,99569
25,MA,5,98403
25,MA,6,482326
25,MA,7,378970
25,MA,8,287620
25,MA,9,287620
25,MA,10,316726
25,MA,11,316726
25,MA,12,307306
25,MA,13,110566
25,MA,13,70189
25,MA,13,86557
25,MA,14,239783
25,MA,15,184975
25,MA,16,130168
25,MA,17,75360
25,MA,18,61658
26,MI,0,398356
26,MI,1,290550
26,MI,2,750952
26,MI,3,750952
26,MI,4,186523
26,MI,4,192178
26,MI,4,188661
26,MI,4,190786
26,MI,4,188278
26,MI,4,190086
26,MI,5,182692
26,MI,5,173978
26,MI,5,169419
26,MI,5,163393
26,MI,5,162890
26,MI,6,769860
26,MI,7,597247
26,MI,8,465879
26,MI,9,465879
26,MI,10,496926
26,MI,11,496926
26,MI,12,445163
26,MI,13,156385
26,MI,13,102227
26,MI,13,113621
26,MI,14,293790
26,MI,15,226638
26,MI,16,159486
26,MI,17,92334
26,MI,18,75546
27,MN,0,168494
27,MN,1,113717
27,MN,2,318578
27,MN,3,318578
27,MN,4,82753
27,MN,4,85266
27,MN,4,83530
27,MN,4,82491
27,MN,4,80837
27,MN,4,80754
27,MN,5,76816
27,MN,5,73646
27,MN,5,73456
27,MN,5,72269
27,MN,5,72016
27,MN,6,333281
27,MN,7,259859
27,MN,8,199552
27,MN,9,199552
27,MN,10,195583
27,MN,11,195583
27,MN,12,182426
27,MN,13,68473
27,MN,13,46195
27,MN,13,51470
27,MN,14,157327
27,MN,15,121366
27,MN,16,85406
27,MN,17,49446
27,MN,18,40455
28,MS,0,124496
28,MS,1,87697
28,MS,2,203981
28,MS,3,203981
28,MS,4,52032
28,MS,4,52678
28,MS,4,52725
28,MS,4,52788
28,MS,4,51260
28,MS,4,51975
28,MS,5,48760
28,MS,5,46890
28,MS,5,43104
28,MS,5,40267
28,MS,5,41644
28,MS,6,192044
28,MS,7,137311
28,MS,8,118636
28,MS,9,118636
28,MS,10,116389
28,MS,11,116389
28,MS,12,109176
28,MS,13,39046
28,MS,13,28124
28,MS,13,33655
28,MS,14,93125
28,MS,15,71839
28,MS,16,50553
28,MS,17,29268
28,MS,18,23946
29,MO,0,199462
29,MO,1,140644
29,MO,2,359173
29,MO,3,359173
29,MO,4,94720
29,MO,4,97122
29,MO,4,95849
29,MO,4,95247
29,MO,4,95310
29,MO,4,96561
29,MO,5,91196
29,MO,5,86150
29,MO,5,83619
29,MO,5,80662
29,MO,5,80174
29,MO,6,384845
29,MO,7,301444
29,MO,8,249768
29,MO,9,249768
29,MO,10,258398
29,MO,11,258398
29,MO,12,241431
29,MO,13,89114
29,MO,13,61871
29,MO,13,73218
29,MO,14,215500
29,MO,15,166243
29,MO,16,116985
29,MO,17,67728
29,MO,18,55414
30,MT,0,35337
30,MT,1,22841
30,MT,2,58631
30,MT,3,58631
30,MT,4,16209
30,MT,4,16754
30,MT,4,16543
30,MT,4,16223
30,MT,4,14981
30,MT,4,14705
30,MT,5,14079
30,MT,5,13930
30,MT,5,13435
30,MT,5,13026
30,MT,5,13601
30,MT,6,65137
30,MT,7,48217
30,MT,8,39952
30,MT,9,39952
30,MT,10,38486
30,MT,11,38486
30,MT,12,37768
30,MT,13,13569
30,MT,13,9541
30,MT,13,9964
30,MT,14,27063
30,MT,15,20877
30,MT,16,14691
30,MT,17,8506
30,MT,18,6959
31,NE,0,68482
31,NE,1,46235
31,NE,2,116849
31,NE,3,116849
31,NE,4,31190
31,NE,4,31901
31,NE,4,31006
31,NE,4,30814
31,NE,4,30259
31,NE,4,31323
31,NE,5,30344
31,NE,5,28611
31,NE,5,28191
31,NE,5,27193
31,NE,5,27560
31,NE,6,128540
31,NE,7,93977
31,NE,8,77771
31,NE,9,77771
31,NE,10,79353
31,NE,11,79353
31,NE,12,72809
31,NE,13,27018
31,NE,13,18809
31,NE,13,21572
31,NE,14,68995
31,NE,15,53225
31,NE,16,37455
31,NE,17,21684
31,NE,18,17742
32,NV,0,27087
32,NV,1,19156
32,NV,2,50178
32,NV,3,50178
32,NV,4,12465
32,NV,4,12541
32,NV,4,12180
32,NV,4,12146
32,NV,4,11006
32,NV,4,11770
32,NV,5,12085
32,NV,5,11666
32,NV,5,11605
32,NV,5,11173
32,NV,5,10844
32,NV,6,54727
32,NV,7,52094
32,NV,8,40868
32,NV,9,40868
32,NV,10,36588
32,NV,11,36588
32,NV,12,33300
32,NV,13,11372
32,NV,13,7945
32,NV,13,7927
32,NV,14,17016
32,NV,15,13127
32,NV,16,9237
32,NV,17,5348
32,NV,18,4376
33,NH,0,34650
33,NH,1,25436
33,NH,2,68231
33,NH,3,68231
33,NH,4,16620
33,NH,4,16752
33,NH,4,16157
33,NH,4,15722
33,NH,4,16194
33,NH,4,16647
33,NH,5,15361
33,NH,5,14450
33,NH,5,13862
33,NH,5,13226
33,NH,5,14628
33,NH,6,76552
33,NH,7,57868
33,NH,8,44466
33,NH,9,44466
33,NH,10,43526
33,NH,11,43526
33,NH,12,40333
33,NH,13,14675
33,NH,13,9499
33,NH,13,11428
33,NH,14,32461
33,NH,15,25041
33,NH,16,17622
33,NH,17,10202
33,NH,18,8347
34,NJ,0,274354
34,NJ,1,200515
34,NJ,2,566776
34,NJ,3,566776
34,NJ,4,141661
34,NJ,4,144881
34,NJ,4,141073
34,NJ,4,142787
34,NJ,4,128846
34,NJ,4,126841
34,NJ,5,122162
34,NJ,5,119857
34,NJ,5,116509
34,NJ,5,11546
34,NJ,5,114850
34,NJ,6,552802
34,NJ,7,498371
34,NJ,8,406422
34,NJ,9,406422
34,NJ,10,447488
34,NJ,11,447488
34,NJ,12,417427
34,NJ,13,145477
34,NJ,13,94116
34,NJ,13,108807
34,NJ,14,277163
34,NJ,15,213812
34,NJ,16,150460
34,NJ,17,87108
34,NJ,18,71271
35,NM,0,62481
35,NM,1,41795
35,NM,2,101256
35,NM,3,101256
35,NM,4,27409
35,NM,4,27969
35,NM,4,27262
35,NM,4,26484
35,NM,4,24811
35,NM,4,25136
35,NM,5,23676
35,NM,5,23083
35,NM,5,22417
35,NM,5,21461
35,NM,5,20405
35,NM,6,97507
35,NM,7,76399
35,NM,8,65376
35,NM,9,65376
35,NM,10,58537
35,NM,11,58537
35,NM,12,50643
35,NM,13,17473
35,NM,13,12433
35,NM,13,13455
35,NM,14,33831
35,NM,15,26098
35,NM,16,18365
35,NM,17,10632
35,NM,18,8699
36,NY,0,671964
36,NY,1,478160
36,NY,2,1333890
36,NY,3,1333890
36,NY,4,333665
36,NY,4,342205
36,NY,4,335822
36,NY,4,336998
36,NY,4,325679
36,NY,4,326082
36,NY,5,314498
36,NY,5,304347
36,NY,5,292945
36,NY,5,287503
36,NY,5,291640
36,NY,6,1449060
36,NY,7,1221916
36,NY,8,981649
36,NY,9,981649
36,NY,10,1044617
36,NY,11,1044617
36,NY,12,975260
36,NY,13,348681
36,NY,13,228069
36,NY,13,274561
36,NY,14,728413
36,NY,15,561919
36,NY,16,395424
36,NY,17,228930
36,NY,18,187306
37,NC,0,241141
37,NC,1,173486
37,NC,2,432581
37,NC,3,432581
37,NC,4,109192
37,NC,4,109803
37,NC,4,108807
37,NC,4,109404
37,NC,4,115278
37,NC,4,124391
37,NC,5,119539
37,NC,5,114262
37,NC,5,109004
37,NC,5,104203
37,NC,5,104126
37,NC,6,482328
37,NC,7,371166
37,NC,8,307216
37,NC,9,307216
37,NC,10,301880
37,NC,11,301880
37,NC,12,271042
37,NC,13,94343
37,NC,13,63002
37,NC,13,76918
37,NC,14,183112
37,NC,15,141258
37,NC,16,99404
37,NC,17,57550
37,NC,18,47086
38,ND,0,29281
38,ND,1,18986
38,ND,2,49183
38,ND,3,49183
38,ND,4,13719
38,ND,4,14066
38,ND,4,13895
38,ND,4,4215
38,ND,4,13669
38,ND,4,14231
38,ND,5,14090
38,ND,5,13418
38,ND,5,12580
38,ND,5,11993
38,ND,5,12309
38,ND,6,54769
38,ND,7,36594
38,ND,8,31462
38,ND,9,31462
38,ND,10,31169
38,ND,11,31169
38,ND,12,30216
38,ND,13,11629
38,ND,13,8569
38,ND,13,8721
38,ND,14,26327
38,ND,15,20309
38,ND,16,14292
38,ND,17,8274
38,ND,18,6770
39,OH,0,455603
39,OH,1,326121
39,OH,2,840704
39,OH,3,840704
39,OH,4,211341
39,OH,4,218073
39,OH,4,213668
39,OH,4,216618
39,OH,4,216636
39,OH,4,217167
39,OH,5,206419
39,OH,5,197449
39,OH,5,191877
39,OH,5,186582
39,OH,5,184115
39,OH,6,893143
39,OH,7,681690
39,OH,8,564385
39,OH,9,564385
39,OH,10,607114
39,OH,11,607114
39,OH,12,551151
39,OH,13,194025
39,OH,13,125805
39,OH,13,145335
39,OH,14,383404
39,OH,15,295769
39,OH,16,208134
39,OH,17,120498
39,OH,18,98590
40,OK,0,126448
40,OK,1,86108
40,OK,2,206569
40,OK,3,206569
40,OK,4,53896
40,OK,4,54700
40,OK,4,53724
40,OK,4,53767
40,OK,4,54997
40,OK,4,57613
40,OK,5,55030
40,OK,5,52451
40,OK,5,51692
40,OK,5,49475
40,OK,5,47812
40,OK,6,235099
40,OK,7,175623
40,OK,8,148384
40,OK,9,148384
40,OK,10,148696
40,OK,11,148696
40,OK,12,136723
40,OK,13,49176
40,OK,13,35245
40,OK,13,42057
40,OK,14,121759
40,OK,15,93928
40,OK,16,66098
40,OK,17,38267
40,OK,18,31309
41,OR,0,102271
41,OR,1,67486
41,OR,2,176809
41,OR,3,176809
41,OR,4,44797
41,OR,4,46516
41,OR,4,44997
41,OR,4,43820
41,OR,4,43262
41,OR,4,43717
41,OR,5,42678
41,OR,5,41692
41,OR,5,43440
41,OR,5,43725
41,OR,5,42930
41,OR,6,216073
41,OR,7,168817
41,OR,8,123844
41,OR,9,123844
41,OR,10,121587
41,OR,11,121587
41,OR,12,119174
41,OR,13,44383
41,OR,13,31110
41,OR,13,33861
41,OR,14,94162
41,OR,15,72639
41,OR,16,51117
41,OR,17,29594
41,OR,18,24213
42,PA,0,436681
42,PA,1,317434
42,PA,2,871235
42,PA,3,871235
42,PA,4,221412
42,PA,4,229541
42,PA,4,226897
42,PA,4,230271
42,PA,4,227834
42,PA,4,228838
42,PA,5,217486
42,PA,5,207029
42,PA,5,200319
42,PA,5,194309
42,PA,5,195479
42,PA,6,945984
42,PA,7,711865
42,PA,8,601938
42,PA,9,601938
42,PA,10,717255
42,PA,11,717255
42,PA,12,698853
42,PA,13,252467
42,PA,13,164217
42,PA,13,193653
42,PA,14,145586
42,PA,15,112309
42,PA,16,79032
42,PA,17,45755
42,PA,18,37436
44,RI,0,31948
44,RI,1,25860
44,RI,2,69308
44,RI,3,69308
44,RI,4,17457
44,RI,4,18165
44,RI,4,17457
44,RI,4,17582
44,RI,4,19010
44,RI,4,19831
44,RI,5,18950
44,RI,5,18200
44,RI,5,16481
44,RI,5,15540
44,RI,5,15868
44,RI,6,78482
44,RI,7,56458
44,RI,8,45205
44,RI,9,45205
44,RI,10,55287
44,RI,11,55287
44,RI,12,54158
44,RI,13,19378
44,RI,13,12896
44,RI,13,15458
44,RI,14,41058
44,RI,15,31673
44,RI,16,22289
44,RI,17,12904
44,RI,18,10558
45,SC,0,137829
45,SC,1,97513
45,SC,2,238285
45,SC,3,238285
45,SC,4,59838
45,SC,4,60764
45,SC,4,60318
45,SC,4,61702
45,SC,4,64105
45,SC,4,68009
45,SC,5,64930
45,SC,5,63088
45,SC,5,59473
45,SC,5,56623
45,SC,5,56464
45,SC,6,255765
45,SC,7,194740
45,SC,8,155636
45,SC,9,155636
45,SC,10,148900
45,SC,11,148900
45,SC,12,137031
45,SC,13,45396
45,SC,13,30714
45,SC,13,37669
45,SC,14,86115
45,SC,15,66432
45,SC,16,46748
45,SC,17,27065
45,SC,18,22144
46,SD,0,32129
46,SD,1,20853
46,SD,2,52265
46,SD,3,52265
46,SD,4,14627
46,SD,4,14952
46,SD,4,15009
46,SD,4,14608
46,SD,4,14405
46,SD,4,14936
46,SD,5,14190
46,SD,5,13214
46,SD,5,12573
46,SD,5,11719
46,SD,5,11705
46,SD,6,54397
46,SD,7,36494
46,SD,8,32684
46,SD,9,32684
46,SD,10,34858
46,SD,11,34858
46,SD,12,33633
46,SD,13,12469
46,SD,13,8742
46,SD,13,9491
46,SD,14,30321
46,SD,15,23390
46,SD,16,16460
46,SD,17,9529
46,SD,18,7797
47,TN,0,186466
47,TN,1,131889
47,TN,2,333817
47,TN,3,333817
47,TN,4,83023
47,TN,4,84184
47,TN,4,83985
47,TN,4,83490
47,TN,4,83707
47,TN,4,86702
47,TN,5,82711
47,TN,5,80717
47,TN,5,77801
47,TN,5,73435
47,TN,5,76653
47,TN,6,375174
47,TN,7,287474
47,TN,8,237359
47,TN,9,237359
47,TN,10,232210
47,TN,11,232210
47,TN,12,211736
47,TN,13,74430
47,TN,13,51651
47,TN,13,61533
47,TN,14,162189
47,TN,15,125117
47,TN,16,88045
47,TN,17,50974
47,TN,18,41706
48,TX,0,625199
48,TX,1,434860
48,TX,2,1037394
48,TX,3,1037394
48,TX,4,256588
48,TX,4,260777
48,TX,4,255310
48,TX,4,254192
48,TX,4,259343
48,TX,4,271739
48,TX,5,263023
48,TX,5,254239
48,TX,5,251491
48,TX,5,246601
48,TX,5,239156
48,TX,6,1123443
48,TX,7,865424
48,TX,8,686983
48,TX,9,686983
48,TX,10,658118
48,TX,11,658118
48,TX,12,562883
48,TX,13,196252
48,TX,13,137439
48,TX,13,158994
48,TX,14,427753
48,TX,15,329981
48,TX,16,232209
48,TX,17,134437
48,TX,18,109994
49,UT,0,92796
49,UT,1,53901
49,UT,2,109956
49,UT,3,109956
49,UT,4,26387
49,UT,4,27213
49,UT,4,26416
49,UT,4,26514
49,UT,4,29259
49,UT,4,30017
49,UT,5,27965
49,UT,5,27989
49,UT,5,28112
49,UT,5,27313
49,UT,5,25340
49,UT,6,109703
49,UT,7,81263
49,UT,8,60345
49,UT,9,60345
49,UT,10,54701
49,UT,11,54701
49,UT,12,48454
49,UT,13,16874
49,UT,13,11569
49,UT,13,12557
49,UT,14,33349
49,UT,15,25726
49,UT,16,18104
49,UT,17,10481
49,UT,18,8575
50,VT,0,20577
50,VT,1,14864
50,VT,2,39141
50,VT,3,39141
50,VT,4,9536
50,VT,4,9843
50,VT,4,9372
50,VT,4,9244
50,VT,4,11081
50,VT,4,10755
50,VT,5,9321
50,VT,5,9072
50,VT,5,8628
50,VT,5,8267
50,VT,5,7906
50,VT,6,43730
50,VT,7,32408
50,VT,8,24445
50,VT,9,24445
50,VT,10,23639
50,VT,11,23639
50,VT,12,22263
50,VT,13,7901
50,VT,13,5486
50,VT,13,6315
50,VT,14,18869
50,VT,15,14556
50,VT,16,10243
50,VT,17,5930
50,VT,18,4852
51,VA,0,210395
51,VA,1,149082
51,VA,2,396341
51,VA,3,396341
51,VA,4,100217
51,VA,4,101061
51,VA,4,99472
51,VA,4,101969
51,VA,4,104204
51,VA,4,110806
51,VA,5,108816
51,VA,5,105500
51,VA,5,100327
51,VA,5,95729
51,VA,5,92619
51,VA,6,431680
51,VA,7,373949
51,VA,8,291690
51,VA,9,291690
51,VA,10,281083
51,VA,11,281083
51,VA,12,248065
51,VA,13,82933
51,VA,13,54946
51,VA,13,63667
51,VA,14,156870
51,VA,15,121014
51,VA,16,85158
51,VA,17,49302
51,VA,18,40338
53,WA,0,153444
53,WA,1,103695
53,WA,2,286178
53,WA,3,286178
53,WA,4,70478
53,WA,4,72706
53,WA,4,70356
53,WA,4,70250
53,WA,4,70213
53,WA,4,73133
53,WA,5,71610
53,WA,5,69650
53,WA,5,69309
53,WA,5,69534
53,WA,5,68263
53,WA,6,335860
53,WA,7,268645
53,WA,8,193786
53,WA,9,193786
53,WA,10,190101
53,WA,11,190101
53,WA,12,180377
53,WA,13,64084
53,WA,13,44089
53,WA,13,47524
53,WA,14,133091
53,WA,15,102670
53,WA,16,72250
53,WA,17,41829
53,WA,18,34223
54,WV,0,82782
54,WV,1,57522
54,WV,2,140800
54,WV,3,140800
54,WV,4,34576
54,WV,4,35477
54,WV,4,35549
54,WV,4,36050
54,WV,4,35326
54,WV,4,35598
54,WV,5,33257
54,WV,5,32455
54,WV,5,31931
54,WV,5,31033
54,WV,5,32742
54,WV,6,164457
54,WV,7,106777
54,WV,8,95353
54,WV,9,95353
54,WV,10,105604
54,WV,11,105604
54,WV,12,99469
54,WV,13,36818
54,WV,13,24754
54,WV,13,29045
54,WV,14,77130
54,WV,15,59500
54,WV,16,41870
54,WV,17,24241
54,WV,18,19833
55,WI,0,193983
55,WI,1,131445
55,WI,2,371589
55,WI,3,371589
55,WI,4,95682
55,WI,4,98958
55,WI,4,95980
55,WI,4,95149
55,WI,4,93338
55,WI,4,93444
55,WI,5,88878
55,WI,5,84893
55,WI,5,82617
55,WI,5,79999
55,WI,5,81547
55,WI,6,377730
55,WI,7,283007
55,WI,8,228468
55,WI,9,228468
55,WI,10,235845
55,WI,11,235845
55,WI,12,220155
55,WI,13,83355
55,WI,13,56257
55,WI,13,63708
55,WI,14,183392
55,WI,15,141474
55,WI,16,99556
55,WI,17,57638
55,WI,18,47158
56,WY,0,20624
56,WY,1,12937
56,WY,2,31638
56,WY,3,31638
56,WY,4,7931
56,WY,4,8049
56,WY,4,7969
56,WY,4,7836
56,WY,4,7764
56,WY,4,8318
56,WY,5,8120
56,WY,5,7906
56,WY,5,8252
56,WY,5,8115
56,WY,5,7941
56,WY,6,36142
56,WY,7,27433
56,WY,8,21346
56,WY,9,21346
56,WY,10,19908
56,WY,11,19908
56,WY,12,17017
56,WY,13,6023
56,WY,13,4128
56,WY,13,4340
56,WY,14,12013
56,WY,15,9267
56,WY,16,6522
56,WY,17,3776
56,WY,18,3089